Workbook

Sheet car_data
A1: id | B1: en_brand_order | C1: zh_brand_order | D1: brand | E1: brand_internal_order | F1: name | G1: year | H1: how_to_get | I1: cr | J1: rarity | K1: country | L1: initial_score | M1: car_type_cn | N1: car_type_en
A2: Abarth 695 Biposto 2016 | B2: 1 | C2: 1 | D2: Abarth | E2: 1 | F2: 695 Biposto 2016 | G2: 2016 | H2: 季节赛 | I2: 250000 | J2: 普通 | K2: 意大利 | L2: B 540 | M2: =_xlfn.XLOOKUP(N2,enums!$C:$C,enums!$B:$B,"") -> 高性能掀背车 | N2: Hot Hatch
A3: Abarth Fiat 131 1980 | B3: 1 | C3: 1 | D3: Abarth | E3: 2 | F3: Fiat 131 1980 | G3: 1980 | H3: 车展, 抽奖 | I3: 125000 | J3: 普通 | K3: 意大利 | L3: D 399 | M3: =_xlfn.XLOOKUP(N3,enums!$C:$C,enums!$B:$B,"") -> 经典拉力赛车 | N3: Classic Rally
A4: Abarth 595 esseesse 1968 | B4: 1 | C4: 1 | D4: Abarth | E4: 3 | F4: 595 esseesse 1968 | G4: 1968 | H4: 车展, 抽奖 | I4: 25000 | J4: 普通 | K4: 意大利 | L4: D 100 | M4: =_xlfn.XLOOKUP(N4,enums!$C:$C,enums!$B:$B,"") -> 狂热跑车 | N4: Cult Cars
A5: Acura Integra A-Spec 2023 | B5: 2 | C5: 75 | D5: Acura 讴歌 | E5: 1 | F5: Integra A-Spec 2023 | G5: 2023 | H5: 车展, 抽奖, 二手车 | I5: 36000 | J5: 稀有 | K5: 美国 | L5: C 484 | M5: =_xlfn.XLOOKUP(N5,enums!$C:$C,enums!$B:$B,"") -> 高性能掀背车 | N5: Hot Hatch
A6: Acura NSX Type S 2022 | B6: 2 | C6: 75 | D6: Acura 讴歌 | E6: 2 | F6: NSX Type S 2022 | G6: 2022 | H6: 剧情：蓝色腕带 | I6: 193000 | J6: 史诗 | K6: 美国 | L6: S1 734 | M6: =_xlfn.XLOOKUP(N6,enums!$C:$C,enums!$B:$B,"") -> 现代超级跑车 | N6: Modern Super cars
A7: Acura RSX Type S 2002 | B7: 2 | C7: 75 | D7: Acura 讴歌 | E7: 3 | F7: RSX Type S 2002 | G7: 2002 | H7: 车展, 抽奖, 二手车 | I7: 18000 | J7: 普通 | K7: 美国 | L7: C 462 | M7: =_xlfn.XLOOKUP(N7,enums!$C:$C,enums!$B:$B,"") -> 复古高性能掀背车 | N7: Retro Hot Hatch
A8: Acura Integra Type R 2001 | B8: 2 | C8: 75 | D8: Acura 讴歌 | E8: 4 | F8: Integra Type R 2001 | G8: 2001 | H8: 车展, 抽奖 | I8: 25000 | J8: 普通 | K8: 美国 | L8: C 471 | M8: =_xlfn.XLOOKUP(N8,enums!$C:$C,enums!$B:$B,"") -> 复古高性能掀背车 | N8: Retro Hot Hatch
A9: Alfa Romeo Giulia GTAm 2021 | B9: 3 | C9: 44 | D9: Alfa Romeo 阿尔法·罗密欧 | E9: 1 | F9: Giulia GTAm 2021 | G9: 2021 | H9: 车展 (DLC: Italian Passion Car Pack ) | I9: ? | K9: 意大利 | M9: =_xlfn.XLOOKUP(N9,enums!$C:$C,enums!$B:$B,"") -> 现代超级轿车 | N9: Modern Super Saloons
A10: Alfa Romeo Giulia Quadrifoglio 2017 | B10: 3 | C10: 44 | D10: Alfa Romeo 阿尔法·罗密欧 | E10: 2 | F10: Giulia Quadrifoglio 2017 | G10: 2017 | H10: 车展, 抽奖 | I10: 45000 | J10: 稀有 | K10: 意大利 | L10: A 667 | M10: =_xlfn.XLOOKUP(N10,enums!$C:$C,enums!$B:$B,"") -> 现代超级轿车 | N10: Modern Super Saloons
A11: Alfa Romeo 4C 2014 | B11: 3 | C11: 44 | D11: Alfa Romeo 阿尔法·罗密欧 | E11: 3 | F11: 4C 2014 | G11: 2014 | H11: 车展 | I11: 73000 | J11: 史诗 | K11: 意大利 | L11: A 644 | M11: =_xlfn.XLOOKUP(N11,enums!$C:$C,enums!$B:$B,"") -> 现代跑车 | N11: Modern Sports Cars
A12: Alfa Romeo 8C Competizione 2007 | B12: 3 | C12: 44 | D12: Alfa Romeo 阿尔法·罗密欧 | E12: 4 | F12: 8C Competizione 2007 | G12: 2007 | H12: 车展, 抽奖 | I12: 312000 | J12: 史诗 | K12: 意大利 | L12: A 635 | M12: =_xlfn.XLOOKUP(N12,enums!$C:$C,enums!$B:$B,"") -> GT 赛车 | N12: GT Cars
A13: Alfa Romeo 155 Q4 1992 | B13: 3 | C13: 44 | D13: Alfa Romeo 阿尔法·罗密欧 | E13: 5 | F13: 155 Q4 1992 | G13: 1992 | H13: 车展 | I13: 30000 | J13: 史诗 | K13: 意大利 | L13: C 439 | M13: =_xlfn.XLOOKUP(N13,enums!$C:$C,enums!$B:$B,"") -> 复古超级跑车 | N13: Retro Super Saloons
A14: Alfa Romeo SE 048SP 1990 | B14: 3 | C14: 44 | D14: Alfa Romeo 阿尔法·罗密欧 | E14: 6 | F14: SE 048SP 1990 | G14: 1990 | H14: 车展 (DLC: Italian Passion Car Pack ) | I14: ? | K14: 意大利 | M14: =_xlfn.XLOOKUP(N14,enums!$C:$C,enums!$B:$B,"") -> 复古赛车 | N14: Retro Racers
A15: Alfa Romeo 33 Stradale 1968 | B15: 3 | C15: 44 | D15: Alfa Romeo 阿尔法·罗密欧 | E15: 7 | F15: 33 Stradale 1968 | G15: 1968 | H15: 车展, 抽奖 | I15: 3500000 | J15: 传奇 | K15: 意大利 | L15: B 593 | M15: =_xlfn.XLOOKUP(N15,enums!$C:$C,enums!$B:$B,"") -> 经典赛车 | N15: Classic Racers
A16: Alfa Romeo Giulia TZ2 1965 | B16: 3 | C16: 44 | D16: Alfa Romeo 阿尔法·罗密欧 | E16: 8 | F16: Giulia TZ2 1965 | G16: 1965 | H16: Earn 4,500 points in the "Horizon Promo" category in the Collection Journal | I16: 1200000 | J16: 传奇 | K16: 意大利 | L16: B 532 | M16: =_xlfn.XLOOKUP(N16,enums!$C:$C,enums!$B:$B,"") -> 经典赛车 | N16: Classic Racers
A17: Alfa Romeo Giulia Sprint GTA Stradale 1965 | B17: 3 | C17: 44 | D17: Alfa Romeo 阿尔法·罗密欧 | E17: 9 | F17: Giulia Sprint GTA Stradale 1965 | G17: 1965 | H17: 车展, 抽奖 | I17: 343000 | J17: 稀有 | K17: 意大利 | L17: D 379 | M17: =_xlfn.XLOOKUP(N17,enums!$C:$C,enums!$B:$B,"") -> 稀有经典车 | N17: Rare Classics
A18: Alumicraft #6165 Trick Truck 2022 | B18: 4 | C18: 2 | D18: Alumicraft | E18: 1 | F18: #6165 Trick Truck 2022 | G18: 2022 | H18: 车展, 抽奖 | I18: 300000 | J18: 史诗 | K18: 美国 | L18: C 485 | M18: =_xlfn.XLOOKUP(N18,enums!$C:$C,enums!$B:$B,"") -> 无限制越野车 | N18: Unlimited Offroad
A19: Alumicraft #122 Class 1 Buggy 2021 | B19: 4 | C19: 2 | D19: Alumicraft | E19: 2 | F19: #122 Class 1 Buggy 2021 | G19: 2021 | H19: 车展, 抽奖 | I19: 160000 | J19: 史诗 | K19: 美国 | L19: B 571 | M19: =_xlfn.XLOOKUP(N19,enums!$C:$C,enums!$B:$B,"") -> 无限制沙滩车 | N19: Unlimited Buggies
A20: Alumicraft Class 10 Race Car 2015 | B20: 4 | C20: 2 | D20: Alumicraft | E20: 3 | F20: Class 10 Race Car 2015 | G20: 2015 | H20: 车展, 抽奖 | I20: 45000 | J20: 史诗 | K20: 美国 | L20: B 532 | M20: =_xlfn.XLOOKUP(N20,enums!$C:$C,enums!$B:$B,"") -> 无限制沙滩车 | N20: Unlimited Buggies
A21: AMG Transport Dynamics M12S Warthog CST 2554 | B21: 5 | C21: 3 | D21: AMG Transport Dynamics | E21: 1 | F21: M12S Warthog CST 2554 | H21: 车展, Earn 1,500 points in the "Danger Signs" category in the Collection Journal | I21: 850000 | J21: 传奇 | K21: 美国 | L21: A 663 | M21: =_xlfn.XLOOKUP(N21,enums!$C:$C,enums!$B:$B,"") -> 无限制越野车 | N21: Unlimited Offroad
A22: Apollo Intensa Emozione 2019 | B22: 6 | C22: 4 | D22: Apollo | E22: 1 | F22: Intensa Emozione 2019 | G22: 2019 | H22: 抽奖 | I22: 3200000 | J22: 传奇 | K22: 德国 | L22: R 916 | M22: =_xlfn.XLOOKUP(N22,enums!$C:$C,enums!$B:$B,"") -> 极限赛道玩具 | N22: Extreme Track Toys
A23: Ariel Nomad 2016 | B23: 7 | C23: 5 | D23: Ariel | E23: 1 | F23: Nomad 2016 | G23: 2016 | H23: 车展, 抽奖, Earn 100 points in the "Bonus Boards" category in the Collection Journal | I23: 54000 | J23: 稀有 | K23: 英国 | L23: A 601 | M23: =_xlfn.XLOOKUP(N23,enums!$C:$C,enums!$B:$B,"") -> 无限制沙滩车 | N23: Unlimited Buggies
A24: Ariel Atom 500 V8 2013 | B24: 7 | C24: 5 | D24: Ariel | E24: 2 | F24: Atom 500 V8 2013 | G24: 2013 | H24: 车展, 抽奖 | I24: 190000 | J24: 史诗 | K24: 英国 | L24: S2 825 | M24: =_xlfn.XLOOKUP(N24,enums!$C:$C,enums!$B:$B,"") -> 极限赛道玩具 | N24: Extreme Track Toys
A25: Aston Martin Valkyrie 2023 | B25: 8 | C25: 45 | D25: Aston Martin 阿斯顿马丁 | E25: 1 | F25: Valkyrie 2023 | G25: 2023 | H25: 车展, 抽奖 | I25: 2750000 | J25: 传奇 | K25: 英国 | L25: R 925 | M25: =_xlfn.XLOOKUP(N25,enums!$C:$C,enums!$B:$B,"") -> 顶级超跑 | N25: Hypercars
A26: Aston Martin Valkyrie AMR Pro 2022 | B26: 8 | C26: 45 | D26: Aston Martin 阿斯顿马丁 | E26: 2 | F26: Valkyrie AMR Pro 2022 | G26: 2022 | H26: 车展, 抽奖, Earn 2,500 points in the "Horizon Legend" category in the Collection Journal | I26: 4200000 | J26: 传奇 | K26: 英国 | L26: R 989 | M26: =_xlfn.XLOOKUP(N26,enums!$C:$C,enums!$B:$B,"") -> 极限赛道玩具 | N26: Extreme Track Toys
A27: Aston Martin DBX 2021 | B27: 8 | C27: 45 | D27: Aston Martin 阿斯顿马丁 | E27: 3 | F27: DBX 2021 | G27: 2021 | H27: 季节赛 | I27: 250000 | J27: 稀有 | K27: 英国 | L27: A 618 | M27: =_xlfn.XLOOKUP(N27,enums!$C:$C,enums!$B:$B,"") -> 运动型多功能英雄车 | N27: Sports Utility Heroes
A28: Aston Martin Valhalla Concept Car 2019 | B28: 8 | C28: 45 | D28: Aston Martin 阿斯顿马丁 | E28: 4 | F28: Valhalla Concept Car 2019 | G28: 2019 | H28: 抽奖 | I28: 1150000 | J28: 传奇 | K28: 英国 | L28: R 960 | M28: =_xlfn.XLOOKUP(N28,enums!$C:$C,enums!$B:$B,"") -> 顶级超跑 | N28: Hypercars
A29: Aston Martin DBS Superleggera 2019 | B29: 8 | C29: 45 | D29: Aston Martin 阿斯顿马丁 | E29: 5 | F29: DBS Superleggera 2019 | G29: 2019 | H29: 抽奖 | I29: 275000 | J29: 史诗 | K29: 英国 | L29: S1 736 | M29: =_xlfn.XLOOKUP(N29,enums!$C:$C,enums!$B:$B,"") -> 超级豪华旅行车 | N29: Super GT
A30: Aston Martin Vantage 2019 | B30: 8 | C30: 45 | D30: Aston Martin 阿斯顿马丁 | E30: 6 | F30: Vantage 2019 | G30: 2019 | H30: 车展 | I30: 250000 | J30: 史诗 | K30: 英国 | L30: A 696 | M30: =_xlfn.XLOOKUP(N30,enums!$C:$C,enums!$B:$B,"") -> GT 赛车 | N30: GT Cars
A31: Aston Martin Vulcan AMR Pro 2017 | B31: 8 | C31: 45 | D31: Aston Martin 阿斯顿马丁 | E31: 7 | F31: Vulcan AMR Pro 2017 | G31: 2017 | H31: 车展, 抽奖 | I31: 3000000 | J31: 传奇 | K31: 英国 | L31: S2 898 | M31: =_xlfn.XLOOKUP(N31,enums!$C:$C,enums!$B:$B,"") -> 极限赛道玩具 | N31: Extreme Track Toys
A32: Aston Martin DB11 2017 | B32: 8 | C32: 45 | D32: Aston Martin 阿斯顿马丁 | E32: 8 | F32: DB11 2017 | G32: 2017 | H32: 车展, 抽奖 | I32: 175000 | J32: 史诗 | K32: 英国 | L32: A 679 | M32: =_xlfn.XLOOKUP(N32,enums!$C:$C,enums!$B:$B,"") -> 超级豪华旅行车 | N32: Super GT
A33: Aston Martin Vulcan 2016 | B33: 8 | C33: 45 | D33: Aston Martin 阿斯顿马丁 | E33: 9 | F33: Vulcan 2016 | G33: 2016 | H33: 车展, 抽奖, Loyalty Reward | I33: 2300000 | J33: 传奇 | K33: 英国 | L33: S2 884 | M33: =_xlfn.XLOOKUP(N33,enums!$C:$C,enums!$B:$B,"") -> 极限赛道玩具 | N33: Extreme Track Toys
A34: Aston Martin DB5 1964 | B34: 8 | C34: 45 | D34: Aston Martin 阿斯顿马丁 | E34: 10 | F34: DB5 1964 | G34: 1964 | H34: 车展 | I34: 500000 | J34: 史诗 | K34: 英国 | L34: C 417 | M34: =_xlfn.XLOOKUP(N34,enums!$C:$C,enums!$B:$B,"") -> 稀有经典车 | N34: Rare Classics
A35: Audi R8 Coupé V10 GT RWD 2023 | B35: 9 | C35: 46 | D35: Audi 奥迪 | E35: 1 | F35: R8 Coupé V10 GT RWD 2023 | G35: 2023 | H35: 车展 (DLC: Car Pass ) | I35: ? | J35: 史诗 | K35: 德国 | L35: S1 769 | M35: =_xlfn.XLOOKUP(N35,enums!$C:$C,enums!$B:$B,"") -> 现代超级跑车 | N35: Modern Super cars
A36: Audi RS e-tron GT 2021 | B36: 9 | C36: 46 | D36: Audi 奥迪 | E36: 2 | F36: RS e-tron GT 2021 | G36: 2021 | H36: 车展, 抽奖 | I36: 95000 | J36: 史诗 | K36: 德国 | L36: A 677 | M36: =_xlfn.XLOOKUP(N36,enums!$C:$C,enums!$B:$B,"") -> 现代超级轿车 | N36: Modern Super Saloons
A37: Audi RS 7 Sportback 2021 | B37: 9 | C37: 46 | D37: Audi 奥迪 | E37: 3 | F37: RS 7 Sportback 2021 | G37: 2021 | H37: 车展, 抽奖 | I37: 80000 | J37: 稀有 | K37: 德国 | L37: A 655 | M37: =_xlfn.XLOOKUP(N37,enums!$C:$C,enums!$B:$B,"") -> 现代超级轿车 | N37: Modern Super Saloons
A38: Audi RS 6 Avant 2021 | B38: 9 | C38: 46 | D38: Audi 奥迪 | E38: 4 | F38: RS 6 Avant 2021 | G38: 2021 | H38: 车展, 抽奖 | I38: 83000 | J38: 稀有 | K38: 德国 | L38: A 650 | M38: =_xlfn.XLOOKUP(N38,enums!$C:$C,enums!$B:$B,"") -> 现代超级轿车 | N38: Modern Super Saloons
A39: Audi R8 V10 performance 2020 | B39: 9 | C39: 46 | D39: Audi 奥迪 | E39: 5 | F39: R8 V10 performance 2020 | G39: 2020 | H39: 车展, 抽奖 | I39: 281000 | J39: 稀有 | K39: 德国 | L39: S1 738 | M39: =_xlfn.XLOOKUP(N39,enums!$C:$C,enums!$B:$B,"") -> 现代超级跑车 | N39: Modern Super cars
A40: Audi RS 3 Sedan 2020 | B40: 9 | C40: 46 | D40: Audi 奥迪 | E40: 6 | F40: RS 3 Sedan 2020 | G40: 2020 | H40: 车展, 抽奖 | I40: 52000 | J40: 稀有 | K40: 德国 | L40: A 617 | M40: =_xlfn.XLOOKUP(N40,enums!$C:$C,enums!$B:$B,"") -> 现代超级轿车 | N40: Modern Super Saloons
A41: Audi RS 4 Avant 2018 | B41: 9 | C41: 46 | D41: Audi 奥迪 | E41: 7 | F41: RS 4 Avant 2018 | G41: 2018 | H41: 车展, 抽奖 | I41: 50000 | J41: 稀有 | K41: 德国 | L41: A 637 | M41: =_xlfn.XLOOKUP(N41,enums!$C:$C,enums!$B:$B,"") -> 现代超级轿车 | N41: Modern Super Saloons
A42: Audi R8 V10 plus 2016 | B42: 9 | C42: 46 | D42: Audi 奥迪 | E42: 8 | F42: R8 V10 plus 2016 | G42: 2016 | H42: 车展, 抽奖 | I42: 160000 | J42: 史诗 | K42: 德国 | L42: S1 731 | M42: =_xlfn.XLOOKUP(N42,enums!$C:$C,enums!$B:$B,"") -> 现代超级跑车 | N42: Modern Super cars
A43: Audi RS 6 Avant 2015 | B43: 9 | C43: 46 | D43: Audi 奥迪 | E43: 9 | F43: RS 6 Avant 2015 | G43: 2015 | H43: 车展, 抽奖 | I43: 60000 | J43: 稀有 | K43: 德国 | L43: A 640 | M43: =_xlfn.XLOOKUP(N43,enums!$C:$C,enums!$B:$B,"") -> 现代超级轿车 | N43: Modern Super Saloons
A44: Audi S1 2015 | B44: 9 | C44: 46 | D44: Audi 奥迪 | E44: 10 | F44: S1 2015 | G44: 2015 | H44: 车展, 抽奖 | I44: 21000 | J44: 普通 | K44: 德国 | L44: B 527 | M44: =_xlfn.XLOOKUP(N44,enums!$C:$C,enums!$B:$B,"") -> 高性能掀背车 | N44: Hot Hatch
A45: Audi R8 Coupé V10 plus 5.2 FSI quattro 2013 | B45: 9 | C45: 46 | D45: Audi 奥迪 | E45: 11 | F45: R8 Coupé V10 plus 5.2 FSI quattro 2013 | G45: 2013 | H45: Earn 2,700 points in the "Day Trips" category in the Collection Journal | I45: 100000 | J45: 史诗 | K45: 德国 | L45: A 694 | M45: =_xlfn.XLOOKUP(N45,enums!$C:$C,enums!$B:$B,"") -> 现代超级跑车 | N45: Modern Super cars
A46: Audi RS 7 Sportback 2013 | B46: 9 | C46: 46 | D46: Audi 奥迪 | E46: 12 | F46: RS 7 Sportback 2013 | G46: 2013 | H46: 车展, 抽奖 | I46: 55000 | J46: 史诗 | K46: 德国 | L46: A 620 | M46: =_xlfn.XLOOKUP(N46,enums!$C:$C,enums!$B:$B,"") -> 现代超级轿车 | N46: Modern Super Saloons
A47: Audi RS 4 Avant 2013 | B47: 9 | C47: 46 | D47: Audi 奥迪 | E47: 13 | F47: RS 4 Avant 2013 | G47: 2013 | H47: 车展, 抽奖 | I47: 30000 | J47: 稀有 | K47: 德国 | L47: A 607 | M47: =_xlfn.XLOOKUP(N47,enums!$C:$C,enums!$B:$B,"") -> 现代超级轿车 | N47: Modern Super Saloons
... A67: BMW iX xDrive50 2022 | B67: 14 | C67: 47 | D67: BMW 宝马 | E67: 5 | F67: iX xDrive50 2022 | G67: 2022 | H67: 车展, 抽奖 | I67: 37000 | J67: 稀有 | K67: 德国 | L67: B 595 | M67: =_xlfn.XLOOKUP(N67,enums!$C:$C,enums!$B:$B,"") -> 运动型多功能英雄车 | N67: Sports Utility Heroes
A68: BMW M4 Competition Coupé 'Welcome Pack' 2021 | B68: 14 | C68: 47 | D68: BMW 宝马 | E68: 6 | F68: M4 Competition Coupé 'Welcome Pack' 2021 | G68: 2021 | H68: 车展 (DLC: Welcome Pack ) | I68: 150000 | J68: 传奇 | K68: 德国 | L68: S1 800 | M68: =_xlfn.XLOOKUP(N68,enums!$C:$C,enums!$B:$B,"") -> 现代超级轿车 | N68: Modern Super Saloons | O68: #N/A
A69: BMW M4 Competition Coupé 2021 | B69: 14 | C69: 47 | D69: BMW 宝马 | E69: 7 | F69: M4 Competition Coupé 2021 | G69: 2021 | H69: 车展, 抽奖 | I69: 64000 | J69: 稀有 | K69: 德国 | L69: A 666 | M69: =_xlfn.XLOOKUP(N69,enums!$C:$C,enums!$B:$B,"") -> 现代超级轿车 | N69: Modern Super Saloons
A70: BMW M8 Competition Coupé 2020 | B70: 14 | C70: 47 | D70: BMW 宝马 | E70: 8 | F70: M8 Competition Coupé 2020 | G70: 2020 | H70: 车展, 抽奖, 二手车 | I70: 100000 | J70: 稀有 | K70: 德国 | L70: A 684 | M70: =_xlfn.XLOOKUP(N70,enums!$C:$C,enums!$B:$B,"") -> GT 赛车 | N70: GT Cars
A71: BMW M2 Competition Coupé 2020 | B71: 14 | C71: 47 | D71: BMW 宝马 | E71: 9 | F71: M2 Competition Coupé 2020 | G71: 2020 | H71: 抽奖, 剧情：黄色腕带 | I71: 250000 | J71: 史诗 | K71: 德国 | L71: A 656 | M71: =_xlfn.XLOOKUP(N71,enums!$C:$C,enums!$B:$B,"") -> 现代超级轿车 | N71: Modern Super Saloons
A72: BMW Z4 Roadster 2019 | B72: 14 | C72: 47 | D72: BMW 宝马 | E72: 10 | F72: Z4 Roadster 2019 | G72: 2019 | H72: 车展, 抽奖, Earn 200 points in the "Speed Zones" category in the Collection Journal | I72: 38000 | J72: 普通 | K72: 德国 | L72: A 634 | M72: =_xlfn.XLOOKUP(N72,enums!$C:$C,enums!$B:$B,"") -> 现代跑车 | N72: Modern Sports Cars
A73: BMW M4 GTS 2016 | B73: 14 | C73: 47 | D73: BMW 宝马 | E73: 11 | F73: M4 GTS 2016 | G73: 2016 | H73: 车展, 抽奖 | I73: 125000 | J73: 史诗 | K73: 德国 | L73: S1 711 | M73: =_xlfn.XLOOKUP(N73,enums!$C:$C,enums!$B:$B,"") -> 赛道玩具 | N73: Track Toys
A74: BMW i8 2015 | B74: 14 | C74: 47 | D74: BMW 宝马 | E74: 12 | F74: i8 2015 | G74: 2015 | H74: 车展, 抽奖 | I74: 70000 | J74: 稀有 | K74: 德国 | L74: A 665 | M74: =_xlfn.XLOOKUP(N74,enums!$C:$C,enums!$B:$B,"") -> 现代跑车 | N74: Modern Sports Cars
A75: BMW M4 Coupé 2014 | B75: 14 | C75: 47 | D75: BMW 宝马 | E75: 13 | F75: M4 Coupé 2014 | G75: 2014 | H75: 车展, 抽奖 | I75: 55000 | J75: 稀有 | K75: 德国 | L75: A 679 | M75: =_xlfn.XLOOKUP(N75,enums!$C:$C,enums!$B:$B,"") -> 现代超级轿车 | N75: Modern Super Saloons
A76: BMW M5 2012 | B76: 14 | C76: 47 | D76: BMW 宝马 | E76: 14 | F76: M5 2012 | G76: 2012 | H76: 车展, 抽奖 | I76: 40000 | J76: 稀有 | K76: 德国 | L76: A 652 | M76: =_xlfn.XLOOKUP(N76,enums!$C:$C,enums!$B:$B,"") -> 现代超级轿车 | N76: Modern Super Saloons
A77: BMW X5 M 2011 | B77: 14 | C77: 47 | D77: BMW 宝马 | E77: 15 | F77: X5 M 2011 | G77: 2011 | H77: 车展, 抽奖 | I77: 24000 | J77: 普通 | K77: 德国 | L77: B 546 | M77: =_xlfn.XLOOKUP(N77,enums!$C:$C,enums!$B:$B,"") -> 运动型多功能英雄车 | N77: Sports Utility Heroes
A78: BMW M3 GTS 2010 | B78: 14 | C78: 47 | D78: BMW 宝马 | E78: 16 | F78: M3 GTS 2010 | G78: 2010 | H78: 车展, 抽奖 | I78: 198000 | J78: 史诗 | K78: 德国 | L78: A 678 | M78: =_xlfn.XLOOKUP(N78,enums!$C:$C,enums!$B:$B,"") -> 赛道玩具 | N78: Track Toys
A79: BMW M5 2009 | B79: 14 | C79: 47 | D79: BMW 宝马 | E79: 17 | F79: M5 2009 | G79: 2009 | H79: 车展, 抽奖 | I79: 54000 | J79: 稀有 | K79: 德国 | L79: B 595 | M79: =_xlfn.XLOOKUP(N79,enums!$C:$C,enums!$B:$B,"") -> 现代超级轿车 | N79: Modern Super Saloons
A80: BMW M3 2008 | B80: 14 | C80: 47 | D80: BMW 宝马 | E80: 18 | F80: M3 2008 | G80: 2008 | H80: 车展, 抽奖, 二手车 | I80: 43000 | J80: 普通 | K80: 德国 | L80: A 608 | M80: =_xlfn.XLOOKUP(N80,enums!$C:$C,enums!$B:$B,"") -> 现代超级轿车 | N80: Modern Super Saloons
... A127: Chevrolet Corvette 1953 | B127: 19 | C127: 87 | D127: Chevrolet 雪佛兰 | E127: 28 | F127: Corvette 1953 | G127: 1953 | H127: 车展, 抽奖 | I127: 269000 | J127: 传奇 | K127: 美国 | L127: D 270 | M127: =_xlfn.XLOOKUP(N127,enums!$C:$C,enums!$B:$B,"") -> 经典跑车 | N127: Classic Sports Cars
A128: Datsun #269 Attacking The Clock Racing 240Z Time Attack 1972 | B128: 20 | C128: 54 | D128: Datsun 达特桑 | E128: 1 | F128: #269 Attacking The Clock Racing 240Z Time Attack 1972 | G128: 1972 | H128: 车展 (DLC: Car Pass ) | I128: ? | J128: 史诗 | K128: 日本 | L128: R 951 | M128: =_xlfn.XLOOKUP(N128,enums!$C:$C,enums!$B:$B,"") -> 极限赛道玩具 | N128: Extreme Track Toys
A129: Datsun 510 1970 | B129: 20 | C129: 54 | D129: Datsun 达特桑 | E129: 2 | F129: 510 1970 | G129: 1970 | H129: 车展, 抽奖 | I129: 86000 | J129: 普通 | K129: 日本 | L129: D 143 | M129: =_xlfn.XLOOKUP(N129,enums!$C:$C,enums!$B:$B,"") -> 经典跑车 | N129: Classic Sports Cars
A130: Datsun 2000 Roadster 1969 | B130: 20 | C130: 54 | D130: Datsun 达特桑 | E130: 3 | F130: 2000 Roadster 1969 | G130: 1969 | H130: 季节赛 | I130: 250000 | J130: 普通 | K130: 日本 | L130: D 323 | M130: =_xlfn.XLOOKUP(N130,enums!$C:$C,enums!$B:$B,"") -> 经典跑车 | N130: Classic Sports Cars
A131: DeBerti Toyota Tacoma TRD 'The Performance Truck' 2019 | B131: 21 | C131: 11 | D131: DeBerti | E131: 1 | F131: Toyota Tacoma TRD 'The Performance Truck' 2019 | G131: 2019 | H131: 车展, 抽奖 | I131: 250000 | J131: 普通 | K131: 美国 | L131: S1 717 | M131: =_xlfn.XLOOKUP(N131,enums!$C:$C,enums!$B:$B,"") -> 漂移赛车 | N131: Drift Cars
A132: DeBerti Ford Super Duty F-250 Lariat 'Transformer' 2019 | B132: 21 | C132: 11 | D132: DeBerti | E132: 2 | F132: Ford Super Duty F-250 Lariat 'Transformer' 2019 | G132: 2019 | H132: 车展, 抽奖 | I132: 275000 | J132: 史诗 | K132: 美国 | L132: B 548 | M132: =_xlfn.XLOOKUP(N132,enums!$C:$C,enums!$B:$B,"") -> 无限制越野车 | N132: Unlimited Offroad
A133: DeBerti Chevrolet Silverado 1500 Drift Truck 2018 | B133: 21 | C133: 11 | D133: DeBerti | E133: 3 | F133: Chevrolet Silverado 1500 Drift Truck 2018 | G133: 2018 | H133: 车展, 抽奖 | I133: 250000 | J133: 史诗 | K133: 美国 | L133: S1 707 | M133: =_xlfn.XLOOKUP(N133,enums!$C:$C,enums!$B:$B,"") -> 漂移赛车 | N133: Drift Cars
A134: DeBerti Wrangler Unlimited 2013 | B134: 21 | C134: 11 | D134: DeBerti | E134: 4 | F134: Jeep Wrangler Unlimited 2018 | G134: 2018 | H134: 车展, 抽奖 | I134: 150000 | J134: 史诗 | K134: 美国 | L134: A 645 | M134: =_xlfn.XLOOKUP(N134,enums!$C:$C,enums!$B:$B,"") -> 无限制越野车 | N134: Unlimited Offroad
A135: DeLorean DMC-12 1982 | B135: 22 | C135: 12 | D135: DeLorean | E135: 1 | F135: DMC-12 1982 | G135: 1982 | H135: 车展, 抽奖 | I135: 72000 | J135: 传奇 | K135: 美国 | L135: D 357 | M135: =_xlfn.XLOOKUP(N135,enums!$C:$C,enums!$B:$B,"") -> 复古跑车 | N135: Retro Sports Cars
A136: Dodge Challenger SRT Super Stock 2022 | B136: 23 | C136: 56 | D136: Dodge 道奇 | E136: 1 | F136: Challenger SRT Super Stock 2022 | G136: 2022 | H136: 车展, 抽奖 | I136: 87000 | J136: 稀有 | K136: 美国 | L136: A 695 | M136: =_xlfn.XLOOKUP(N136,enums!$C:$C,enums!$B:$B,"") -> 现代肌肉车 | N136: Modern Muscle
A137: Dodge Durango SRT Hellcat 2021 | B137: 23 | C137: 56 | D137: Dodge 道奇 | E137: 2 | F137: Durango SRT Hellcat 2021 | G137: 2021 | H137: Earn 1,400 points in the "Day Trips" category in the Collection Journal | I137: 73000 | J137: 史诗 | K137: 美国 | L137: A 628 | M137: =_xlfn.XLOOKUP(N137,enums!$C:$C,enums!$B:$B,"") -> 运动型多功能英雄车 | N137: Sports Utility Heroes
A138: Dodge Challenger SRT Demon 2018 | B138: 23 | C138: 56 | D138: Dodge 道奇 | E138: 3 | F138: Challenger SRT Demon 2018 | G138: 2018 | H138: 车展, 抽奖, 二手车, Earn 250 points in "Horizon Promo" category in the Collection Journal | I138: 90000 | J138: 稀有 | K138: 美国 | L138: A 678 | M138: =_xlfn.XLOOKUP(N138,enums!$C:$C,enums!$B:$B,"") -> 现代肌肉车 | N138: Modern Muscle
A139: Dodge Viper ACR 2016 | B139: 23 | C139: 56 | D139: Dodge 道奇 | E139: 4 | F139: Viper ACR 2016 | G139: 2016 | H139: 抽奖 | I139: 290000 | J139: 史诗 | K139: 美国 | L139: S1 786 | M139: =_xlfn.XLOOKUP(N139,enums!$C:$C,enums!$B:$B,"") -> 赛道玩具 | N139: Track Toys
A140: Dodge Charger SRT Hellcat 2015 | B140: 23 | C140: 56 | D140: Dodge 道奇 | E140: 5 | F140: Charger SRT Hellcat 2015 | G140: 2015 | H140: 车展, 抽奖 | I140: 44000 | J140: 稀有 | K140: 美国 | L140: A 637 | M140: =_xlfn.XLOOKUP(N140,enums!$C:$C,enums!$B:$B,"") -> 现代肌肉车 | N140: Modern Muscle
... A150: Dodge Dart HEMI Super Stock 1968 | B150: 23 | C150: 56 | D150: Dodge 道奇 | E150: 15 | F150: Dart HEMI Super Stock 1968 | G150: 1968 | H150: 抽奖 | I150: 300000 | J150: 传奇 | K150: 美国 | L150: B 540 | M150: =_xlfn.XLOOKUP(N150,enums!$C:$C,enums!$B:$B,"") -> 经典肌肉车 | N150: Classic Muscle
A151: Ferrari F80 2025 | B151: 24 | C151: 57 | D151: Ferrari 法拉利 | E151: 1 | F151: F80 2025 | G151: 2025 | H151: 车展 (DLC: Italian Passion Car Pack ) | I151: ? | K151: 意大利 | M151: =_xlfn.XLOOKUP(N151,enums!$C:$C,enums!$B:$B,"") -> 顶级超跑 | N151: Hypercars
A152: Ferrari 296 GTB 2022 | B152: 24 | C152: 57 | D152: Ferrari 法拉利 | E152: 2 | F152: 296 GTB 2022 | G152: 2022 | H152: 季节赛 | I152: 380000 | J152: 史诗 | K152: 意大利 | L152: S2 811 | M152: =_xlfn.XLOOKUP(N152,enums!$C:$C,enums!$B:$B,"") -> 现代超级跑车 | N152: Modern Super cars
A153: Ferrari SF90 Stradale 2020 | B153: 24 | C153: 57 | D153: Ferrari 法拉利 | E153: 3 | F153: SF90 Stradale 2020 | G153: 2020 | H153: 车展, 抽奖 | I153: 575000 | J153: 传奇 | K153: 意大利 | L153: S2 851 | M153: =_xlfn.XLOOKUP(N153,enums!$C:$C,enums!$B:$B,"") -> 顶级超跑 | N153: Hypercars
A154: Ferrari Roma 2020 | B154: 24 | C154: 57 | D154: Ferrari 法拉利 | E154: 4 | F154: Roma 2020 | G154: 2020 | H154: 季节赛 | I154: 250000 | J154: 史诗 | K154: 意大利 | L154: S1 735 | M154: =_xlfn.XLOOKUP(N154,enums!$C:$C,enums!$B:$B,"") -> 超级豪华旅行车 | N154: Super GT
A155: Ferrari 488 Pista 2019 | B155: 24 | C155: 57 | D155: Ferrari 法拉利 | E155: 5 | F155: 488 Pista 2019 | G155: 2019 | H155: 车展, 抽奖 | I155: 716000 | J155: 史诗 | K155: 意大利 | L155: S2 803 | M155: =_xlfn.XLOOKUP(N155,enums!$C:$C,enums!$B:$B,"") -> 赛道玩具 | N155: Track Toys
A156: Ferrari F8 Tributo 2019 | B156: 24 | C156: 57 | D156: Ferrari 法拉利 | E156: 6 | F156: F8 Tributo 2019 | G156: 2019 | H156: 抽奖 | I156: 333000 | J156: 传奇 | K156: 意大利 | L156: S2 802 | M156: =_xlfn.XLOOKUP(N156,enums!$C:$C,enums!$B:$B,"") -> 现代超级跑车 | N156: Modern Super cars
A157: Ferrari Monza SP2 2019 | B157: 24 | C157: 57 | D157: Ferrari 法拉利 | E157: 7 | F157: Monza SP2 2019 | G157: 2019 | H157: 车展, 抽奖 | I157: 2500000 | J157: 传奇 | K157: 意大利 | L157: S1 773 | M157: =_xlfn.XLOOKUP(N157,enums!$C:$C,enums!$B:$B,"") -> 超级豪华旅行车 | N157: Super GT
A158: Ferrari FXX-K Evo 'Welcome Pack' 2018 | B158: 24 | C158: 57 | D158: Ferrari 法拉利 | E158: 8 | F158: FXX-K Evo 'Welcome Pack' 2018 | G158: 2018 | H158: 车展 (DLC: Welcome Pack ) | I158: 250000 | J158: 传奇 | K158: 意大利 | L158: R 998 | M158: =_xlfn.XLOOKUP(N158,enums!$C:$C,enums!$B:$B,"") -> 极限赛道玩具 | N158: Extreme Track Toys
A159: Ferrari FXX-K Evo 2018 | B159: 24 | C159: 57 | D159: Ferrari 法拉利 | E159: 9 | F159: FXX-K Evo 2018 | G159: 2018 | H159: 车展, 抽奖 | I159: 4500000 | J159: 传奇 | K159: 意大利 | L159: R 957 | M159: =_xlfn.XLOOKUP(N159,enums!$C:$C,enums!$B:$B,"") -> 极限赛道玩具 | N159: Extreme Track Toys
A160: Ferrari Portofino 2018 | B160: 24 | C160: 57 | D160: Ferrari 法拉利 | E160: 10 | F160: Portofino 2018 | G160: 2018 | H160: 车展, 抽奖 | I160: 200000 | J160: 史诗 | K160: 意大利 | L160: S1 714 | M160: =_xlfn.XLOOKUP(N160,enums!$C:$C,enums!$B:$B,"") -> 超级豪华旅行车 | N160: Super GT
A161: Ferrari J50 Preorder Car 2017 | B161: 24 | C161: 57 | D161: Ferrari 法拉利 | E161: 11 | F161: J50 Preorder Car 2017 | G161: 2017 | H161: 预购奖励 | I161: 309000 | J161: 传奇 | K161: 意大利 | L161: S1 800 | M161: =_xlfn.XLOOKUP(N161,enums!$C:$C,enums!$B:$B,"") -> 现代超级跑车 | N161: Modern Super cars
A162: Ferrari 812 Superfast 2017 | B162: 24 | C162: 57 | D162: Ferrari 法拉利 | E162: 12 | F162: 812 Superfast 2017 | G162: 2017 | H162: 车展, 抽奖 | I162: 395000 | J162: 传奇 | K162: 意大利 | L162: S1 780 | M162: =_xlfn.XLOOKUP(N162,enums!$C:$C,enums!$B:$B,"") -> 超级豪华旅行车 | N162: Super GT
A163: Ferrari J50 2017 | B163: 24 | C163: 57 | D163: Ferrari 法拉利 | E163: 13 | F163: J50 2017 | G163: 2017 | H163: 车展, 抽奖 | I163: 2500000 | J163: 稀有 | K163: 意大利 | L163: S1 772 | M163: =_xlfn.XLOOKUP(N163,enums!$C:$C,enums!$B:$B,"") -> 现代超级跑车 | N163: Modern Super cars
... A184: Ferrari #24 Ferrari Spa 330 P4 1967 | B184: 24 | C184: 57 | D184: Ferrari 法拉利 | E184: 34 | F184: #24 Ferrari Spa 330 P4 1967 | G184: 1967 | H184: 车展, 抽奖 | I184: 70000000 | J184: 传奇 | K184: 意大利 | L184: A 684 | M184: =_xlfn.XLOOKUP(N184,enums!$C:$C,enums!$B:$B,"") -> 经典赛车 | N184: Classic Racers
A185: Ferrari 275 GTB4 Spider 1967 | B185: 24 | C185: 57 | D185: Ferrari 法拉利 | E185: 35 | F185: 275 GTB4 Spider 1967 | G185: 1967 | H185: 车展 (DLC: Italian Passion Car Pack ) | I185: ? | K185: 意大利 | M185: =_xlfn.XLOOKUP(N185,enums!$C:$C,enums!$B:$B,"") -> 稀有经典车 | N185: Rare Classics
A186: Ferrari 250 GTO 1962 | B186: 24 | C186: 57 | D186: Ferrari 法拉利 | E186: 36 | F186: 250 GTO 1962 | G186: 1962 | H186: 车展, 抽奖 | I186: 48000000 | J186: 传奇 | K186: 意大利 | L186: C 494 | M186: =_xlfn.XLOOKUP(N186,enums!$C:$C,enums!$B:$B,"") -> 经典赛车 | N186: Classic Racers
A187: Ferrari 250 GT Berlinetta Lusso 1962 | B187: 24 | C187: 57 | D187: Ferrari 法拉利 | E187: 37 | F187: 250 GT Berlinetta Lusso 1962 | G187: 1962 | H187: 车展, Earn 2,000 points in the "Horizon Promo" category in the Collection Journal | I187: 1400000 | J187: 传奇 | K187: 意大利 | L187: C 475 | M187: =_xlfn.XLOOKUP(N187,enums!$C:$C,enums!$B:$B,"") -> 稀有经典车 | N187: Rare Classics
A188: Ford Mustang Dark Horse 2024 | B188: 25 | C188: 59 | D188: Ford 福特 | E188: 1 | F188: Mustang Dark Horse 2024 | G188: 2024 | H188: 车展, Earn 400 points in the "Speed Traps" category in the Collection Journal | I188: 59000 | J188: 史诗 | K188: 美国 | L188: A 669 | M188: =_xlfn.XLOOKUP(N188,enums!$C:$C,enums!$B:$B,"") -> 现代肌肉车 | N188: Modern Muscle
A189: Ford Mustang GT 2024 | B189: 25 | C189: 59 | D189: Ford 福特 | E189: 2 | F189: Mustang GT 2024 | G189: 2024 | H189: 车展, 抽奖 | I189: 45000 | J189: 史诗 | K189: 美国 | L189: A 628 | M189: =_xlfn.XLOOKUP(N189,enums!$C:$C,enums!$B:$B,"") -> 现代肌肉车 | N189: Modern Muscle
A190: Ford F-150 Raptor R 'Welcome Pack' 2023 | B190: 25 | C190: 59 | D190: Ford 福特 | E190: 3 | F190: F-150 Raptor R 'Welcome Pack' 2023 | G190: 2023 | H190: 车展 (DLC: Welcome Pack ) | I190: 50000 | J190: 传奇 | K190: 美国 | L190: B 600 | M190: =_xlfn.XLOOKUP(N190,enums!$C:$C,enums!$B:$B,"") -> 皮卡和四轮驱动车 | N190: Pickups & 4x4's
A191: Ford F-150 Raptor R 2023 | B191: 25 | C191: 59 | D191: Ford 福特 | E191: 4 | F191: F-150 Raptor R 2023 | G191: 2023 | H191: 车展, 抽奖 | I191: 110000 | J191: 史诗 | K191: 美国 | L191: B 536 | M191: =_xlfn.XLOOKUP(N191,enums!$C:$C,enums!$B:$B,"") -> 皮卡和四轮驱动车 | N191: Pickups & 4x4's
A192: Ford Fiesta ST 2023 | B192: 25 | C192: 59 | D192: Ford 福特 | E192: 5 | F192: Fiesta ST 2023 | G192: 2023 | H192: 车展, 抽奖, 二手车 | I192: 26000 | J192: 普通 | K192: 美国 | L192: C 500 | M192: =_xlfn.XLOOKUP(N192,enums!$C:$C,enums!$B:$B,"") -> 高性能掀背车 | N192: Hot Hatch
A193: Ford Supervan 4 2022 | B193: 25 | C193: 59 | D193: Ford 福特 | E193: 6 | F193: Supervan 4 2022 | G193: 2022 | H193: 车辆熟练度奖励: Ford Supervan 3 | I193: 2000000 | J193: 史诗 | K193: 美国 | L193: R 919 | M193: =_xlfn.XLOOKUP(N193,enums!$C:$C,enums!$B:$B,"") -> 极限赛道玩具 | N193: Extreme Track Toys
A194: Ford Focus ST 2022 | B194: 25 | C194: 59 | D194: Ford 福特 | E194: 7 | F194: Focus ST 2022 | G194: 2022 | H194: 车展, 抽奖 | I194: 34000 | J194: 普通 | K194: 美国 | L194: B 594 | M194: =_xlfn.XLOOKUP(N194,enums!$C:$C,enums!$B:$B,"") -> 高性能掀背车 | N194: Hot Hatch
...

Sheet enums
A1: car_type_order | B1: car_type_cn | C1: car_type_en
A2: 1 | B2: 沙滩车 | C2: Buggies
A3: 2 | B3: 经典肌肉车 | C3: Classic Muscle
A4: 3 | B4: 经典赛车 | C4: Classic Racers
A5: 4 | B5: 经典拉力赛车 | C5: Classic Rally
A6: 5 | B6: 经典跑车 | C6: Classic Sports Cars
A7: 6 | B7: 狂热跑车 | C7: Cult Cars
A8: 7 | B8: 漂移赛车 | C8: Drift Cars
A9: 8 | B9: 家庭多用 | C9: Eclectic Domestics
A10: 9 | B10: 极限赛道玩具 | C10: Extreme Track Toys
A11: 10 | B11: GT 赛车 | C11: GT Cars
A12: 11 | B12: 高性能掀背车 | C12: Hot Hatch
A13: 12 | B13: 顶级超跑 | C13: Hypercars
... A40: 39 | B40: 卡车 | C40: Truck

Sheet Sheet3
